[
  {
    "latitude" : "39.988141",
    "longtitude" : "116.312760",
    "rgba" : "rgba(209,2,39,1)"
  },
  {
    "latitude" : "39.988056",
    "longtitude" : "116.312715",
    "rgba" : "rgba(208,21,38,1)"
  },
  {
    "latitude" : "39.987938",
    "longtitude" : "116.312699",
    "rgba" : "rgba(207,22,37,1)"
  },
  {
    "latitude" : "39.987820",
    "longtitude" : "116.312698",
    "rgba" : "rgba(206,23,36,1)"
  },
  {
    "latitude" : "39.987706",
    "longtitude" : "116.312698",
    "rgba" : "rgba(205,24,35,1)"
  },
  {
    "latitude" : "39.987603",
    "longtitude" : "116.312705",
    "rgba" : "rgba(204,25,34,1)"
  },
  {
    "latitude" : "39.987484",
    "longtitude" : "116.312714",
    "rgba" : "rgba(203,26,33,1)"
  },
  {
    "latitude" : "39.987381",
    "longtitude" : "116.312723",
    "rgba" : "rgba(202,27,32,1)"
  },
  {
    "latitude" : "39.987282",
    "longtitude" : "116.312733",
    "rgba" : "rgba(201,28,31,1)"
  },
  {
    "latitude" : "39.987177",
    "longtitude" : "116.312750",
    "rgba" : "rgba(200,29,30,1)"
  },
  {
    "latitude" : "39.987074",
    "longtitude" : "116.312782",
    "rgba" : "rgba(199,20,29,1)"
  },
  {
    "latitude" : "39.986978",
    "longtitude" : "116.312860",
    "rgba" : "rgba(198,31,28,1)"
  },
  {
    "latitude" : "39.986908",
    "longtitude" : "116.312974",
    "rgba" : "rgba(197,32,27,1)"
  },
  {
    "latitude" : "39.986861",
    "longtitude" : "116.313106",
    "rgba" : "rgba(196,33,26,1)"
  },
  {
    "latitude" : "39.986844",
    "longtitude" : "116.313243",
    "rgba" : "rgba(195,34,25,1)"
  },
  {
    "latitude" : "39.986850",
    "longtitude" : "116.313387",
    "rgba" : "rgba(194,35,24,1)"
  },
  {
    "latitude" : "39.986882",
    "longtitude" : "116.313521",
    "rgba" : "rgba(193,36,23,1)"
  },
  {
    "latitude" : "39.986920",
    "longtitude" : "116.313646",
    "rgba" : "rgba(192,37,22,1)"
  },
  {
    "latitude" : "39.986970",
    "longtitude" : "116.313776",
    "rgba" : "rgba(191,38,21,1)"
  },
  {
    "latitude" : "39.987072",
    "longtitude" : "116.313824",
    "rgba" : "rgba(190,39,20,1)"
  },
  {
    "latitude" : "39.987176",
    "longtitude" : "116.313829",
    "rgba" : "rgba(189,40,19,1)"
  },
  {
    "latitude" : "39.987295",
    "longtitude" : "116.313799",
    "rgba" : "rgba(188,41,18,1)"
  },
  {
    "latitude" : "39.987416",
    "longtitude" : "116.313770",
    "rgba" : "rgba(187,42,17,1)"
  },
  {
    "latitude" : "39.987527",
    "longtitude" : "116.313740",
    "rgba" : "rgba(186,43,16,1)"
  },
  {
    "latitude" : "39.987630",
    "longtitude" : "116.313722",
    "rgba" : "rgba(185,44,15,1)"
  },
  {
    "latitude" : "39.987722",
    "longtitude" : "116.313713",
    "rgba" : "rgba(184,45,14,1)"
  },
  {
    "latitude" : "39.987846",
    "longtitude" : "116.313718",
    "rgba" : "rgba(183,46,13,1)"
  },
  {
    "latitude" : "39.987960",
    "longtitude" : "116.313707",
    "rgba" : "rgba(182,47,12,1)"
  },
  {
    "latitude" : "39.988074",
    "longtitude" : "116.313675",
    "rgba" : "rgba(181,48,11,1)"
  },
  {
    "latitude" : "39.988176",
    "longtitude" : "116.313625",
    "rgba" : "rgba(180,49,10,1)"
  },
  {
    "latitude" : "39.988272",
    "longtitude" : "116.313540",
    "rgba" : "rgba(179,50,9,1)"
  },
  {
    "latitude" : "39.988335",
    "longtitude" : "116.313429",
    "rgba" : "rgba(178,51,8,1)"
  },
  {
    "latitude" : "39.988368",
    "longtitude" : "116.313302",
    "rgba" : "rgba(177,52,7,1)"
  },
  {
    "latitude" : "39.988371",
    "longtitude" : "116.313173",
    "rgba" : "rgba(176,53,6,1)"
  },
  {
    "latitude" : "39.988365",
    "longtitude" : "116.313050",
    "rgba" : "rgba(175,54,5,1)"
  },
  {
    "latitude" : "39.988319",
    "longtitude" : "116.312920",
    "rgba" : "rgba(174,55,4,1)"
  },
  {
    "latitude" : "39.988253",
    "longtitude" : "116.312823",
    "rgba" : "rgba(173,56,3,1)"
  },
  {
    "latitude" : "39.988170",
    "longtitude" : "116.312750",
    "rgba" : "rgba(172,57,2,1)"
  },
  {
    "latitude" : "39.988149",
    "longtitude" : "116.312737",
    "rgba" : "rgba(171,58,1,1)"
  },
  {
    "latitude" : "39.988063",
    "longtitude" : "116.312704",
    "rgba" : "rgba(170,59,100,1)"
  },
  {
    "latitude" : "39.987965",
    "longtitude" : "116.312698",
    "rgba" : "rgba(169,60,99,1)"
  },
  {
    "latitude" : "39.987869",
    "longtitude" : "116.312711",
    "rgba" : "rgba(168,61,98,1)"
  },
  {
    "latitude" : "39.987767",
    "longtitude" : "116.312723",
    "rgba" : "rgba(167,62,97,1)"
  },
  {
    "latitude" : "39.987673",
    "longtitude" : "116.312721",
    "rgba" : "rgba(166,63,96,1)"
  },
  {
    "latitude" : "39.987581",
    "longtitude" : "116.312727",
    "rgba" : "rgba(165,64,95,1)"
  },
  {
    "latitude" : "39.987404",
    "longtitude" : "116.312745",
    "rgba" : "rgba(164,65,94,1)"
  },
  {
    "latitude" : "39.987309",
    "longtitude" : "116.312760",
    "rgba" : "rgba(163,66,93,1)"
  },
  {
    "latitude" : "39.987207",
    "longtitude" : "116.312772",
    "rgba" : "rgba(162,67,92,1)"
  },
  {
    "latitude" : "39.987094",
    "longtitude" : "116.312788",
    "rgba" : "rgba(161,68,91,1)"
  },
  {
    "latitude" : "39.986997",
    "longtitude" : "116.312835",
    "rgba" : "rgba(160,69,90,1)"
  },
  {
    "latitude" : "39.986912",
    "longtitude" : "116.312923",
    "rgba" : "rgba(159,70,89,1)"
  },
  {
    "latitude" : "39.986861",
    "longtitude" : "116.313033",
    "rgba" : "rgba(158,71,88,1)"
  },
  {
    "latitude" : "39.986825",
    "longtitude" : "116.313169",
    "rgba" : "rgba(157,72,87,1)"
  },
  {
    "latitude" : "39.986819",
    "longtitude" : "116.313303",
    "rgba" : "rgba(1,73,86,1)"
  },
  {
    "latitude" : "39.986836",
    "longtitude" : "116.313442",
    "rgba" : "rgba(156,74,85,1)"
  },
  {
    "latitude" : "39.986856",
    "longtitude" : "116.313563",
    "rgba" : "rgba(155,75,84,1)"
  },
  {
    "latitude" : "39.986901",
    "longtitude" : "116.313677",
    "rgba" : "rgba(154,76,83,1)"
  },
  {
    "latitude" : "39.987003",
    "longtitude" : "116.313739",
    "rgba" : "rgba(153,77,82,1)"
  },
  {
    "latitude" : "39.987092",
    "longtitude" : "116.313762",
    "rgba" : "rgba(152,78,81,1)"
  },
  {
    "latitude" : "39.987183",
    "longtitude" : "116.313773",
    "rgba" : "rgba(151,79,80,1)"
  },
  {
    "latitude" : "39.987301",
    "longtitude" : "116.313753",
    "rgba" : "rgba(150,80,79,1)"
  },
  {
    "latitude" : "39.987412",
    "longtitude" : "116.313731",
    "rgba" : "rgba(149,81,78,1)"
  },
  {
    "latitude" : "39.987510",
    "longtitude" : "116.313716",
    "rgba" : "rgba(148,82,77,1)"
  },
  {
    "latitude" : "39.987618",
    "longtitude" : "116.313699",
    "rgba" : "rgba(147,83,76,1)"
  },
  {
    "latitude" : "39.987724",
    "longtitude" : "116.313702",
    "rgba" : "rgba(146,84,75,1)"
  },
  {
    "latitude" : "39.987836",
    "longtitude" : "116.313706",
    "rgba" : "rgba(145,85,74,1)"
  },
  {
    "latitude" : "39.987932",
    "longtitude" : "116.313695",
    "rgba" : "rgba(144,86,73,1)"
  },
  {
    "latitude" : "39.988025",
    "longtitude" : "116.313665",
    "rgba" : "rgba(143,87,72,1)"
  },
  {
    "latitude" : "39.988115",
    "longtitude" : "116.313637",
    "rgba" : "rgba(143,88,71,1)"
  },
  {
    "latitude" : "39.988203",
    "longtitude" : "116.313585",
    "rgba" : "rgba(141,89,70,1)"
  },
  {
    "latitude" : "39.988282",
    "longtitude" : "116.313508",
    "rgba" : "rgba(140,90,69,1)"
  },
  {
    "latitude" : "39.988344",
    "longtitude" : "116.313404",
    "rgba" : "rgba(139,91,68,1)"
  },
  {
    "latitude" : "39.988380",
    "longtitude" : "116.313268",
    "rgba" : "rgba(138,92,67,1)"
  },
  {
    "latitude" : "39.988392",
    "longtitude" : "116.313136",
    "rgba" : "rgba(137,93,66,1)"
  },
  {
    "latitude" : "39.988372",
    "longtitude" : "116.313014",
    "rgba" : "rgba(136,94,65,1)"
  },
  {
    "latitude" : "39.988317",
    "longtitude" : "116.312889",
    "rgba" : "rgba(135,95,64,1)"
  },
  {
    "latitude" : "39.988237",
    "longtitude" : "116.312794",
    "rgba" : "rgba(1334,96,63,1)"
  },
  {
    "latitude" : "39.988151",
    "longtitude" : "116.312738",
    "rgba" : "rgba(133,97,62,1)"
  },
  {
    "latitude" : "39.988061",
    "longtitude" : "116.312706",
    "rgba" : "rgba(132,98,61,1)"
  },
  {
    "latitude" : "39.987960",
    "longtitude" : "116.312700",
    "rgba" : "rgba(131,99,60,1)"
  },
  {
    "latitude" : "39.987855",
    "longtitude" : "116.312711",
    "rgba" : "rgba(130,100,59,1)"
  },
  {
    "latitude" : "39.987755",
    "longtitude" : "116.312720",
    "rgba" : "rgba(129,101,58,1)"
  },
  {
    "latitude" : "39.987656",
    "longtitude" : "116.312728",
    "rgba" : "rgba(128,102,57,1)"
  },
  {
    "latitude" : "39.987556",
    "longtitude" : "116.312738",
    "rgba" : "rgba(127,104,56,1)"
  },
  {
    "latitude" : "39.987462",
    "longtitude" : "116.312749",
    "rgba" : "rgba(126,105,55,1)"
  },
  {
    "latitude" : "39.987365",
    "longtitude" : "116.312764",
    "rgba" : "rgba(125,106,54,1)"
  },
  {
    "latitude" : "39.987266",
    "longtitude" : "116.312767",
    "rgba" : "rgba(124,107,53,1)"
  },
  {
    "latitude" : "39.987160",
    "longtitude" : "116.312776",
    "rgba" : "rgba(123,108,52,1)"
  },
  {
    "latitude" : "39.987062",
    "longtitude" : "116.312812",
    "rgba" : "rgba(122,109,51,1)"
  },
  {
    "latitude" : "39.986959",
    "longtitude" : "116.312886",
    "rgba" : "rgba(121,110,50,1)"
  },
  {
    "latitude" : "39.986877",
    "longtitude" : "116.313002",
    "rgba" : "rgba(120,111,49,1)"
  },
  {
    "latitude" : "39.986838",
    "longtitude" : "116.313134",
    "rgba" : "rgba(119,112,48,1)"
  },
  {
    "latitude" : "39.986833",
    "longtitude" : "116.313279",
    "rgba" : "rgba(118,113,47,1)"
  },
  {
    "latitude" : "39.986855",
    "longtitude" : "116.313417",
    "rgba" : "rgba(117,114,46,1)"
  },
  {
    "latitude" : "39.986888",
    "longtitude" : "116.313578",
    "rgba" : "rgba(116,115,45,1)"
  },
  {
    "latitude" : "39.986960",
    "longtitude" : "116.313677",
    "rgba" : "rgba(115,116,44,1)"
  },
  {
    "latitude" : "39.987057",
    "longtitude" : "116.313719",
    "rgba" : "rgba(114,117,43,1)"
  },
  {
    "latitude" : "39.987152",
    "longtitude" : "116.313740",
    "rgba" : "rgba(113,118,42,1)"
  },
  {
    "latitude" : "39.987259",
    "longtitude" : "116.313738",
    "rgba" : "rgba(112,119,41,1)"
  },
  {
    "latitude" : "39.987370",
    "longtitude" : "116.313733",
    "rgba" : "rgba(111,120,30,1)"
  },
  {
    "latitude" : "39.987483",
    "longtitude" : "116.313723",
    "rgba" : "rgba(110,121,39,1)"
  },
  {
    "latitude" : "39.987592",
    "longtitude" : "116.313720",
    "rgba" : "rgba(19,122,38,1)"
  },
  {
    "latitude" : "39.987693",
    "longtitude" : "116.313711",
    "rgba" : "rgba(18,123,37,1)"
  },
  {
    "latitude" : "39.987793",
    "longtitude" : "116.313709",
    "rgba" : "rgba(17,124,36,1)"
  },
  {
    "latitude" : "39.987883",
    "longtitude" : "116.313701",
    "rgba" : "rgba(16,125,35,1)"
  },
  {
    "latitude" : "39.987993",
    "longtitude" : "116.313680",
    "rgba" : "rgba(15,126,34,1)"
  },
  {
    "latitude" : "39.988086",
    "longtitude" : "116.313653",
    "rgba" : "rgba(14,127,33,1)"
  },
  {
    "latitude" : "39.988179",
    "longtitude" : "116.313607",
    "rgba" : "rgba(13,128,32,1)"
  },
  {
    "latitude" : "39.988250",
    "longtitude" : "116.313522",
    "rgba" : "rgba(12,129,31,1)"
  }
]